{
	"__comment": "Credits to HanFox",
	"parent": "block/block",
	"ambientocclusion": false,
	"textures": {
		"crossbar": "blocks/3d/fence_crossbar1"
	},
	"elements": [
		{
			"__comment": "top bar",
			"from": [ 7, 12, 0 ],
			"to": [ 9, 15, 6 ],
			"faces": {
				"down": { "uv": [ 8, 6, 10, 8 ], "texture": "#crossbar" },
				"up": { "uv": [ 6, 6, 8, 12 ], "texture": "#crossbar" },
				"west": { "uv": [ 0, 6, 6, 9 ], "texture": "#crossbar" },
				"east": { "uv": [ 10, 6, 16, 9 ], "texture": "#crossbar" }
			}
		},
		{
			"__comment": "lower bar",
			"from": [ 7, 6, 0 ],
			"to": [ 9, 9, 6 ],
			"faces": {
				"down": { "uv": [ 8, 6, 10, 8 ], "texture": "#crossbar" },
				"up": { "uv": [ 6, 6, 8, 12 ], "texture": "#crossbar" },
				"west": { "uv": [ 0, 9, 6, 12 ], "texture": "#crossbar" },
				"east": { "uv": [ 10, 9, 16, 12 ], "texture": "#crossbar" }
			}
		}
	]
}
